{
  "(2000, 2000)": {
    "baseline": 1410693.782051282,
    "best": 6931.858974358975,
    "worst": 118746.08974358975,
    "ratio": 17.13048262851753,
    "valid_count": 9
  },
  "(4096, 4096)": {
    "baseline": 5891959.166666667,
    "best": 15399.166666666666,
    "worst": 122913.26923076923,
    "ratio": 7.981813035170902,
    "valid_count": 5
  },
  "(5000, 5000)": {
    "baseline": 8828305.961538462,
    "best": 20555.833333333332,
    "worst": 51184.166666666664,
    "ratio": 2.4900068917987594,
    "valid_count": 7
  },
  "(1024, 2048)": {
    "baseline": 736513.0128205129,
    "best": 4457.051282051282,
    "worst": 4680.448717948718,
    "ratio": 1.050122249388753,
    "valid_count": 2
  }
}