{"ilp": [49152.0, 49152.00000000003, 49152.0, 49152.0, 49152.0, 49152.0, 49152.0, 49152.0, 49152.0, 49152.0, 49152.0, 49152.0, 49152.00000205263, 49152.0, 49152.0, 49152.0, 9407.999999286543, 49152.0, 49152.0, 49152.0, 49152.0, 49152.0, 49152.0, 49152.0, 49152.0, 49152.0, 49152.0, 49152.0, 49152.0, 49152.0, 49152.0, 49152.0, 49152.0, 49152.0, 49152.0, 49152.0, 49152.00000000003, 49152.0, 49152.0, 49152.0, 49152.0, 49152.0, 49152.0, 49152.0, 49152.0, 18816.000391265352, 18816.00037078548, 18815.999999801235, 18815.99999990927, 18816.0], "trace": [49152, 49152, 49152, 49152, 49152, 49152, 49152, 49152, 49152, 49152, 49152, 49152, 49152, 49152, 49152, 49152, 4704, 49152, 49152, 49152, 49152, 49152, 49152, 49152, 49152, 49152, 49152, 49152, 49152, 49152, 49152, 49152, 49152, 49152, 49152, 49152, 49152, 49152, 49152, 49152, 49152, 49152, 49152, 49152, 49152, 4704, 4704, 4704, 4704, 4704]}