{"ilp": [49152.0, 863.9999999999999, 431.99999999999994, 431.99999999999994, 863.9993989982831, 863.9999999999999, 864.0003205240097, 49152.0, 431.9996961837988, 49152.0, 49152.0, 431.99999999999994, 431.99999999999994, 431.99999999999994, 49152.0, 49152.0, 431.99999999999994, 49152.0, 49152.0, 49152.0, 49152.0, 431.99999999999994, 431.99999999999994, 49152.0, 431.99999999999994, 49152.0, 431.99999999999994, 49152.0, 49152.0, 431.99999999999994, 49152.0, 49152.0, 49152.0, 49152.0, 49152.0, 431.99999999999994, 431.9999999999979, 49152.0, 49152.0, 49152.0, 49152.0, 49152.0, 864.0007333399736, 49152.0, 864.0007333399736, 1512.001353826368, 1512.001353826368, 1512.001147062965, 1512.001353826368, 1512.001353826368], "trace": [49152, 1, 1, 1, 1, 1, 1, 49152, 1, 49152, 49152, 1, 1, 1, 49152, 49152, 1, 49152, 49152, 49152, 49152, 1, 1, 49152, 1, 49152, 1, 49152, 49152, 1, 49152, 49152, 49152, 49152, 49152, 1, 1, 49152, 49152, 49152, 49152, 49152, 1, 49152, 1, 1, 1, 1, 1, 1]}