{
  "adaptation_conv1_nchw": {
    "total_requests": 83520,
    "read_requests": 82944,
    "write_requests": 576,
    "row_hits": 0,
    "row_misses": 83520,
    "total_latency": 4412345.100004381,
    "total_cycles": 5296932,
    "row_hit_rate": 0.0,
    "avg_latency": 52.82980244258118
  },
  "continuous_channel_nhwc": {
    "total_requests": 64,
    "read_requests": 64,
    "write_requests": 0,
    "row_hits": 63,
    "row_misses": 1,
    "total_latency": 1285.62,
    "total_cycles": 1543,
    "row_hit_rate": 0.984375,
    "avg_latency": 20.0878125
  },
  "continuous_width_nchw": {
    "total_requests": 56,
    "read_requests": 56,
    "write_requests": 0,
    "row_hits": 55,
    "row_misses": 1,
    "total_latency": 1126.9800000000005,
    "total_cycles": 1352,
    "row_hit_rate": 0.9821428571428571,
    "avg_latency": 20.124642857142867
  },
  "propagation_conv2_nhwc": {
    "total_requests": 124928,
    "read_requests": 83456,
    "write_requests": 41472,
    "row_hits": 41472,
    "row_misses": 83456,
    "total_latency": 5231353.740006984,
    "total_cycles": 6280136,
    "row_hit_rate": 0.3319672131147541,
    "avg_latency": 41.874949891193204
  },
  "same_NCHW_IS": {
    "total_requests": 124928,
    "read_requests": 83456,
    "write_requests": 41472,
    "row_hits": 41472,
    "row_misses": 83456,
    "total_latency": 5231353.740006984,
    "total_cycles": 6280136,
    "row_hit_rate": 0.3319672131147541,
    "avg_latency": 41.874949891193204
  },
  "same_NCHW_OS": {
    "total_requests": 83520,
    "read_requests": 82944,
    "write_requests": 576,
    "row_hits": 0,
    "row_misses": 83520,
    "total_latency": 4412345.100004381,
    "total_cycles": 5296932,
    "row_hit_rate": 0.0,
    "avg_latency": 52.82980244258118
  },
  "same_NCHW_WS": {
    "total_requests": 125568,
    "read_requests": 84096,
    "write_requests": 41472,
    "row_hits": 41472,
    "row_misses": 84096,
    "total_latency": 5265164.940007035,
    "total_cycles": 6320726,
    "row_hit_rate": 0.3302752293577982,
    "avg_latency": 41.93078602834348
  },
  "same_NHWC_IS": {
    "total_requests": 124928,
    "read_requests": 83456,
    "write_requests": 41472,
    "row_hits": 41472,
    "row_misses": 83456,
    "total_latency": 5231353.740006984,
    "total_cycles": 6280136,
    "row_hit_rate": 0.3319672131147541,
    "avg_latency": 41.874949891193204
  },
  "same_NHWC_OS": {
    "total_requests": 83520,
    "read_requests": 82944,
    "write_requests": 576,
    "row_hits": 0,
    "row_misses": 83520,
    "total_latency": 4412345.100004381,
    "total_cycles": 5296932,
    "row_hit_rate": 0.0,
    "avg_latency": 52.82980244258118
  },
  "same_NHWC_WS": {
    "total_requests": 125568,
    "read_requests": 84096,
    "write_requests": 41472,
    "row_hits": 41472,
    "row_misses": 84096,
    "total_latency": 5265164.940007035,
    "total_cycles": 6320726,
    "row_hit_rate": 0.3302752293577982,
    "avg_latency": 41.93078602834348
  },
  "stride_channel_nchw": {
    "total_requests": 64,
    "read_requests": 64,
    "write_requests": 0,
    "row_hits": 0,
    "row_misses": 64,
    "total_latency": 3117.1199999999976,
    "total_cycles": 3742,
    "row_hit_rate": 0.0,
    "avg_latency": 48.70499999999996
  },
  "stride_width_nhwc": {
    "total_requests": 56,
    "read_requests": 56,
    "write_requests": 0,
    "row_hits": 54,
    "row_misses": 2,
    "total_latency": 1143.4800000000002,
    "total_cycles": 1372,
    "row_hit_rate": 0.9642857142857143,
    "avg_latency": 20.419285714285717
  },
  "transform_conv1": {
    "total_requests": 83520,
    "read_requests": 82944,
    "write_requests": 576,
    "row_hits": 0,
    "row_misses": 83520,
    "total_latency": 4412345.100004381,
    "total_cycles": 5296932,
    "row_hit_rate": 0.0,
    "avg_latency": 52.82980244258118
  },
  "transform_conv2": {
    "total_requests": 442944,
    "read_requests": 295488,
    "write_requests": 147456,
    "row_hits": 376828,
    "row_misses": 66116,
    "total_latency": 10965325.020029115,
    "total_cycles": 13163655,
    "row_hit_rate": 0.8507350816356017,
    "avg_latency": 24.755556052298065
  },
  "transform_layout": {
    "total_requests": 1152,
    "read_requests": 576,
    "write_requests": 576,
    "row_hits": 0,
    "row_misses": 1152,
    "total_latency": 60843.660000001444,
    "total_cycles": 73041,
    "row_hit_rate": 0.0,
    "avg_latency": 52.815677083334585
  }
}